X,True Y,Measured Y,Error
1,2,2.658668631974504,0.6586686319745039
2,4,3.8176854145728885,-0.18231458542711154
3,6,5.476266227371969,-0.5237337726280309
4,8,7.638471280566737,-0.36152871943326303
5,10,6.925459186882166,-3.0745408131178342
6,12,13.841289286459771,1.8412892864597712
7,14,14.241994805291435,0.24199480529143536
8,16,16.596235447290635,0.5962354472906348
9,18,16.236128516322633,-1.7638714836773666
10,20,15.50298305563889,-4.4970169443611105
