X,True Y,Measured Y,Error
1,2,0.5955291426325167,-1.4044708573674833
2,4,3.7551520830498033,-0.2448479169501967
3,6,1.7987874154787873,-4.201212584521213
4,8,9.165653112905582,1.1656531129055825
5,10,8.253148834239536,-1.7468511657604644
6,12,11.754609634851665,-0.24539036514833512
7,14,13.942238096113224,-0.05776190388677627
8,16,14.716260068754664,-1.2837399312453357
9,18,17.09175448482808,-0.9082455151719202
10,20,22.34861590341266,2.348615903412661
